Institution,Region
Victoria University of Wellington,Wellington
Yoobee School of Design,Multiple
Auckland University of Technology,Auckland
Massey University (Albany),Auckland
Computer Power Plus,Multiple
Wellington Institute of Technology (Weltec),Wellington
Auckland University,Auckland
Massey University (Wellington),Wellington
Unitec Institute of Technology,Auckland
ICL Graduate Business School,Auckland
Waikato University,Waikato
Whitireia New Zealand,Wellington
Enspiral Dev Academy,Multiple
EDENZ Colleges,Auckland
Media Design School,Auckland
Eastern Institute of Technology,Multiple
University of Canterbury,Christchurch
Wellington ICT Graduate School (WICTGS),Wellington
University of Otago,Otago
University of Waikato,Waikato
Auckland Institute of Studies,Auckland
AMES - The Institute of IT,Auckland
National Technology Institute (NTEC),Multiple
NZSE,Auckland
Nelson Marlborough Institute of Technology (NMIT),Marlborough
UUNZ Institute of Business,Auckland
Massey University (Palmerston North),Palmerston North
Wintec,Waikato
National Technology Institute,Tauranga
Manukau Institute of Technology (MIT),Auckland
Open Polytechnic,Multiple
North Tec,Whangarei
AWI International Education Group,Auckland
Otago Polytechnic,Otago